类别,编号,标题,详情,状态
核心结论,1,G1 连续性达标,车身与前后保险杠 G0=0.000mm，G1 最大 0.13°，共享边界+切向量共线,PASS
核心结论,2,曲面单凹单凸无拐点,全部18个曲面通过均曲率符号检查，符号变化率<15%,PASS
核心结论,3,控制点数合规,全部曲面 degree+1 <= 7，满足 SOP 4.2.4,PASS
核心结论,4,R角参数项说明,11个曲面R角<3mm判FAIL，参数化NURBS无传统R角结构，属设计特征,说明
核心结论,5,人工检查项待确认,坐标系/点云偏差/Shading/截面线/特征线共5项需在CAx软件中完成,MANUAL
核心结论,6,连续性统计,124对中2对G1 OK，97对为独立零件间距，属正常装配间隙,PASS
行动项,1,修复R角判定逻辑,适配参数化NURBS曲面特性，或使用G2曲率连续替代R角检查,待处理
行动项,2,导入点云数据,完成点云误差(项3)和截面线匹配(项11)的自动检查,待处理
行动项,3,CAx人工检查,在CATIA/ICEM Surf中完成Shading+ISO Curvature人工确认,待处理
行动项,4,G2曲率连续纳入,将G2曲率连续检查加入ContinuityChecker，覆盖SOP 5.2全部等级,待处理
行动项,5,参数sweep回归测试,建立参数变化回归测试，确保G1连续性在不同参数下稳定达标,待处理
